,precision,recall,f1-score,support
0,0.0,0.0,0.0,5.0
1,0.5,0.2,0.2857142857142857,5.0
2,0.0,0.0,0.0,6.0
3,0.0,0.0,0.0,4.0
4,0.0,0.0,0.0,0.0
accuracy,0.05,0.05,0.05,0.05
macro avg,0.1,0.04,0.05714285714285714,20.0
weighted avg,0.125,0.05,0.07142857142857142,20.0
